pattern,pattern_dir,count,wins,avg_ret,win_rate,combination,description,market
Morning Star,bullish,110,38,0.020429573508701407,0.34545454545454546,A,形態 alone（基準）,HSI
Bull Flag,bullish,3821,1284,0.0073363259124112215,0.3360376864695106,A,形態 alone（基準）,HSI
Bearish Engulfing,bearish,569,187,0.003338543526246463,0.3286467486818981,A,形態 alone（基準）,HSI
Bullish Engulfing,bullish,380,124,0.00267450192233932,0.3263157894736842,A,形態 alone（基準）,HSI
Hammer,bullish,419,117,0.0011714920783377223,0.27923627684964203,A,形態 alone（基準）,HSI
Bear Flag,bearish,4182,1067,0.007076559639426764,0.2551410808225729,A,形態 alone（基準）,HSI
Evening Star,bearish,114,28,0.0019902383246439568,0.24561403508771928,A,形態 alone（基準）,HSI
Morning Star,bullish,12,5,0.00011788263693048955,0.4166666666666667,A+C,形態 + 成交量,HSI
Hammer,bullish,26,10,0.008614072386582643,0.38461538461538464,A+C,形態 + 成交量,HSI
Evening Star,bearish,6,2,0.005912778854805965,0.3333333333333333,A+C,形態 + 成交量,HSI
Bullish Engulfing,bullish,43,14,0.0007758401117487797,0.32558139534883723,A+C,形態 + 成交量,HSI
Bull Flag,bullish,249,79,0.01107062315831935,0.3172690763052209,A+C,形態 + 成交量,HSI
Bearish Engulfing,bearish,45,14,-0.0011150166013583621,0.3111111111111111,A+C,形態 + 成交量,HSI
Bear Flag,bearish,308,85,0.013641242092355801,0.275974025974026,A+C,形態 + 成交量,HSI
Bearish Engulfing,bearish,261,93,0.000909185524827607,0.3563218390804598,A+B,形態 + 指標,HSI
Bull Flag,bullish,1134,391,0.008276580402650778,0.3447971781305115,A+B,形態 + 指標,HSI
Bullish Engulfing,bullish,135,40,-0.003491099480740319,0.2962962962962963,A+B,形態 + 指標,HSI
Morning Star,bullish,55,14,0.003555602693557012,0.2545454545454545,A+B,形態 + 指標,HSI
Bear Flag,bearish,1417,356,0.007774920211087651,0.2512350035285815,A+B,形態 + 指標,HSI
Hammer,bullish,101,25,-0.006454483000207905,0.24752475247524752,A+B,形態 + 指標,HSI
Evening Star,bearish,53,11,0.004577683531516067,0.20754716981132076,A+B,形態 + 指標,HSI
Hammer,bullish,8,3,-0.0017883194384572141,0.375,A+B+C,形態 + 指標 + 成交量,HSI
Bull Flag,bullish,109,40,0.02018926148550618,0.3669724770642202,A+B+C,形態 + 指標 + 成交量,HSI
Bearish Engulfing,bearish,27,9,-0.010668284133016024,0.3333333333333333,A+B+C,形態 + 指標 + 成交量,HSI
Bullish Engulfing,bullish,16,5,-0.0028882584738736724,0.3125,A+B+C,形態 + 指標 + 成交量,HSI
Bear Flag,bearish,172,50,0.002745852465470412,0.29069767441860467,A+B+C,形態 + 指標 + 成交量,HSI
Evening Star,bearish,1,0,-0.005541871921182169,0.0,A+B+C,形態 + 指標 + 成交量,HSI
Morning Star,bullish,3,0,-0.025279434977493354,0.0,A+B+C,形態 + 指標 + 成交量,HSI
Morning Star,bullish,103,35,0.02022248119526591,0.33980582524271846,A  +D,形態 + Sector,HSI
Bull Flag,bullish,3450,1138,0.00718999457472825,0.3298550724637681,A  +D,形態 + Sector,HSI
Bearish Engulfing,bearish,490,158,0.0027647617818000116,0.3224489795918367,A  +D,形態 + Sector,HSI
Bullish Engulfing,bullish,332,104,0.002043109147368385,0.3132530120481928,A  +D,形態 + Sector,HSI
Hammer,bullish,375,102,0.0006202775712364363,0.272,A  +D,形態 + Sector,HSI
Evening Star,bearish,104,26,0.0010906639179931682,0.25,A  +D,形態 + Sector,HSI
Bear Flag,bearish,3788,934,0.007499321987771666,0.24656810982048574,A  +D,形態 + Sector,HSI
Morning Star,bullish,11,5,0.0010918136242892714,0.45454545454545453,A+C+D,形態 + 成交量 + Sector,HSI
Bullish Engulfing,bullish,40,14,0.00426383155020785,0.35,A+C+D,形態 + 成交量 + Sector,HSI
Evening Star,bearish,6,2,0.005912778854805965,0.3333333333333333,A+C+D,形態 + 成交量 + Sector,HSI
Hammer,bullish,21,7,0.0008204752089280778,0.3333333333333333,A+C+D,形態 + 成交量 + Sector,HSI
Bearish Engulfing,bearish,40,13,-0.004534255463080937,0.325,A+C+D,形態 + 成交量 + Sector,HSI
Bull Flag,bullish,233,71,0.009091110697861938,0.30472103004291845,A+C+D,形態 + 成交量 + Sector,HSI
Bear Flag,bearish,284,76,0.01514980839069382,0.2676056338028169,A+C+D,形態 + 成交量 + Sector,HSI
Bull Flag,bullish,1021,354,0.008470483613742218,0.346718903036239,A+B +D,形態 + 指標 + Sector,HSI
Bearish Engulfing,bearish,234,80,0.0007137071635181159,0.3418803418803419,A+B +D,形態 + 指標 + Sector,HSI
Bullish Engulfing,bullish,114,30,-0.00696450100588242,0.2631578947368421,A+B +D,形態 + 指標 + Sector,HSI
Morning Star,bullish,50,13,0.002959396750057995,0.26,A+B +D,形態 + 指標 + Sector,HSI
Bear Flag,bearish,1294,314,0.007848447211466178,0.2426584234930448,A+B +D,形態 + 指標 + Sector,HSI
Hammer,bullish,91,22,-0.008057581914161092,0.24175824175824176,A+B +D,形態 + 指標 + Sector,HSI
Evening Star,bearish,47,11,0.0026156453438242757,0.23404255319148937,A+B +D,形態 + 指標 + Sector,HSI
Bearish Engulfing,bearish,24,9,-0.01582602967280407,0.375,A+B+C+D,完整全因子,HSI
Bullish Engulfing,bullish,14,5,0.0017080942278787895,0.35714285714285715,A+B+C+D,完整全因子,HSI
Bull Flag,bullish,104,36,0.017385622129150426,0.34615384615384615,A+B+C+D,完整全因子,HSI
Hammer,bullish,6,2,-0.005705547056953476,0.3333333333333333,A+B+C+D,完整全因子,HSI
Bear Flag,bearish,160,46,0.0025168619389298,0.2875,A+B+C+D,完整全因子,HSI
Evening Star,bearish,1,0,-0.005541871921182169,0.0,A+B+C+D,完整全因子,HSI
Morning Star,bullish,2,0,-0.03262147335423197,0.0,A+B+C+D,完整全因子,HSI
