sector,signal,tp,sl,win_rate,expected_return,tp_hit_rate,n_trades
Real Estate,RSI 維持超賣,0.15,0.01,0.7333851935787825,0.1073416309726052,0.3334629839469564,8
Materials,RSI 維持超賣,0.15,0.01,0.5837564798130671,0.08340103677009073,0.2961737840402067,16
Consumer Staples,RSI 維持超賣,0.15,0.01,0.5770889636268964,0.08233423418030342,0.30340301133405123,10
Financials,MACD 金叉 (空頭區),0.15,0.01,0.5435996008047039,0.07697593612875263,0.31199866934901294,8
Utilities,BB 跌破下軌 (超賣),0.15,0.01,0.5361891017946382,0.0757902562871421,0.2728833204500135,41
Financials,RSI 維持超賣,0.15,0.01,0.5313423706747633,0.07501477930796213,0.31139444548214756,75
Energy,RSI 維持超賣,0.15,0.01,0.5238055750381102,0.07380889200609762,0.24601858346036734,8
Commerce & Industry,RSI 超賣區域 (30),0.15,0.01,0.5066052230359732,0.07105683568575571,0.32940774985212556,13
Consumer Staples,BB 跌破下軌 (超賣),0.15,0.01,0.4995035595094025,0.0699205695215044,0.22622553653984684,47
Information Technology,BB 跌破下軌 (超賣),0.15,0.01,0.496092943637766,0.06937487098204256,0.30595238254099055,249
Energy,BB 跌破下軌 (超賣),0.15,0.01,0.4903536658947417,0.06845658654315867,0.2588772798398341,33
Unknown,RSI 超賣區域 (30),0.15,0.01,0.48032755233010516,0.06685240837281682,0.45133068134105203,13
Information Technology,RSI 超賣區域 (30),0.15,0.01,0.4704430738596862,0.06527089181754979,0.2951117292014341,29
Materials,BB 跌破下軌 (超賣),0.15,0.01,0.45193897562201973,0.06231023609952316,0.2653866235235145,25
Information Technology,RSI 維持超賣,0.15,0.01,0.43908297409409325,0.06025327585505492,0.2904354283448462,168
Financials,BB 跌破下軌 (超賣),0.15,0.01,0.43065920621334786,0.05890547299413566,0.2657027454747263,164
Unknown,BB 跌破下軌 (超賣),0.15,0.01,0.41809210255949647,0.056894736409519434,0.2918232966835561,60
Commerce & Industry,BB 跌破下軌 (超賣),0.15,0.01,0.41751804654031766,0.05680288744645083,0.2664225045936516,44
Properties,BB 跌破下軌 (超賣),0.15,0.01,0.41597195494739936,0.05655551279158389,0.2332164789474974,10
Information Technology,價格突破 EMA20,0.15,0.01,0.40481996232767914,0.05477119397242866,0.3027138947404464,57
Industrials,RSI 維持超賣,0.15,0.01,0.4014978353644737,0.05423965365831579,0.2565530297195723,77
Properties,KDJ 超賣區金叉,0.15,0.01,0.38668482919447,0.0518695726711152,0.2400817313751151,9
Information Technology,MACD 金叉 (空頭區),0.15,0.01,0.3694332208287234,0.049109315332595736,0.20507640382487735,24
Real Estate,KDJ 超賣區金叉,0.15,0.01,0.3678255743689186,0.04885209189902697,0.155215084660134,9
Information Technology,KDJ 超賣區金叉,0.15,0.01,0.36690814518378995,0.04870530322940639,0.19695017147502836,37
Industrials,BB 跌破下軌 (超賣),0.15,0.01,0.366816515185669,0.04869064242970704,0.23114937013644807,185
Financials,KDJ 超賣區金叉,0.15,0.01,0.36435960319163413,0.04829753651066146,0.18165970703831177,24
Communication Services,BB 跌破下軌 (超賣),0.15,0.01,0.35883988315556753,0.047414381304890806,0.23632201526887503,60
Communication Services,KDJ 超賣區金叉,0.15,0.01,0.35204638438210156,0.046327421501136244,0.26023192191050804,10
Unknown,RSI 維持超賣,0.15,0.01,0.3449221792424393,0.04518754867879028,0.22461089621219632,46
Financials,RSI 超賣區域 (30),0.15,0.01,0.34335779709955894,0.044937247535929425,0.21678898549779468,32
Utilities,KDJ 超賣區金叉,0.15,0.01,0.34055988124170955,0.04448958099867353,0.20279940620854797,24
Unknown,KDJ 超賣區金叉,0.15,0.01,0.3402265087344134,0.04443624139750614,0.20113254367206712,24
Commerce & Industry,MACD 金叉 (空頭區),0.15,0.01,0.33255581861576355,0.043208930978522166,0.16277909307881772,10
Commerce & Industry,價格突破 EMA20,0.15,0.01,0.3267347379059152,0.04227755806494643,0.19650729297302144,27
Consumer Discretionary,BB 跌破下軌 (超賣),0.15,0.01,0.3242438532960107,0.04187901652736171,0.17525990869605523,93
Energy,KDJ 超賣區金叉,0.15,0.01,0.3216082682005149,0.04145732291208238,0.1080413410025746,8
Energy,價格突破 EMA20,0.15,0.01,0.3208635967577894,0.041338175481246305,0.20458785777575644,17
Consumer Staples,價格突破 EMA20,0.15,0.01,0.3090970294857205,0.039455524717715275,0.15587694367350247,15
Health Care,BB 跌破下軌 (超賣),0.15,0.01,0.307193764178307,0.03915100226852913,0.17818815615926992,177
Consumer Discretionary,KDJ 超賣區金叉,0.15,0.01,0.306575620899143,0.039052099343862876,0.22448786755767935,18
Health Care,RSI 維持超賣,0.15,0.01,0.29182651443527907,0.03669224230964465,0.15269097460795822,111
Properties,價格突破 EMA20,0.15,0.01,0.28765539269863727,0.03602486283178196,0.2978462043664829,10
Commerce & Industry,RSI 維持超賣,0.15,0.01,0.28603959116090527,0.03576633458574484,0.21623754696543174,12
Unknown,MACD 金叉 (空頭區),0.15,0.01,0.28559960618647146,0.035695936989835426,0.10649778479890214,9
Financials,價格突破 EMA20,0.15,0.01,0.2808092605441819,0.03492948168706911,0.15476885677821497,33
Consumer Discretionary,RSI 維持超賣,0.15,0.01,0.2742393937894383,0.033878303006310125,0.1711463059043895,39
Health Care,RSI 超賣區域 (30),0.15,0.01,0.27233829893336736,0.033574127829338773,0.15348252923830227,17
Real Estate,BB 跌破下軌 (超賣),0.15,0.01,0.2709418667151843,0.03335069867442948,0.1933866669699012,10
Health Care,價格突破 EMA20,0.15,0.01,0.250050802706018,0.03000812843296288,0.1503352978597187,66
Utilities,價格突破 EMA20,0.15,0.01,0.24690742641889415,0.02950518822702306,0.12734440139725706,29
Industrials,價格突破 EMA20,0.15,0.01,0.23460426359530331,0.027536682175248524,0.13605604875672073,53
Communication Services,RSI 維持超賣,0.15,0.01,0.23371593521016323,0.027394549633626118,0.17496420233950308,43
Materials,KDJ 超賣區金叉,0.15,0.01,0.22956223997549224,0.026729958396078755,0.1397302855392306,20
Health Care,MACD 金叉 (空頭區),0.15,0.01,0.21368922485615227,0.024190275976984366,0.10266918642114227,9
Industrials,KDJ 超賣區金叉,0.15,0.01,0.20502223089392296,0.022803556943027672,0.12309266124355694,38
Health Care,KDJ 超賣區金叉,0.15,0.01,0.19481342804088211,0.021170148486541137,0.12344523367401791,40
Finance,價格突破 EMA20,0.15,0.01,0.14782917799484432,0.01365266847917509,0.16307825244199875,9
Materials,價格突破 EMA20,0.15,0.01,0.1256342200746904,0.010101475211950466,0.14894913848031202,21
