market,indicator,signal,direction,pattern_name,count,win_rate,avg_return
HSI,BB,BB 突破上軌 (超買),bearish,Bearish Harami,188,0.3776595744680851,0.01429372877021645
HSI,BB,BB 突破上軌 (超買),bearish,Shooting Star,516,0.3449612403100775,0.007350724211311355
HSI,BB,BB 突破上軌 (超買),bearish,無形態,904,0.32964601769911506,0.006752491481226129
HSI,BB,BB 突破上軌 (超買),bearish,Bearish Engulfing,149,0.30201342281879195,-0.0036128824652112675
HSI,BB,BB 突破上軌 (超買),bearish,Resistance,96,0.1875,-0.024698336530249915
HSI,BB,BB 突破上軌 (超買),bearish,Double Top,89,0.16853932584269662,-0.013698566893459739
HSI,BB,BB 突破上軌 (超買),bearish,Head & Shoulders,106,0.1509433962264151,-0.01584313343948372
HSI,BB,BB 突破上軌 (超買),bearish,Evening Star,72,0.1388888888888889,-0.02112499103331804
HSI,BB,BB 跌破下軌 (超賣),bullish,Support,97,0.6804123711340206,0.044696946544136265
HSI,BB,BB 跌破下軌 (超賣),bullish,Double Bottom,140,0.5214285714285715,0.021317226747482498
HSI,BB,BB 跌破下軌 (超賣),bullish,Bullish Engulfing,39,0.5128205128205128,0.028968437087835842
HSI,BB,BB 跌破下軌 (超賣),bullish,Inverse H&S,188,0.3776595744680851,0.01697906978758828
HSI,BB,BB 跌破下軌 (超賣),bullish,Morning Star,49,0.3673469387755102,0.013701068824785492
HSI,BB,BB 跌破下軌 (超賣),bullish,Bullish Harami,56,0.35714285714285715,-0.0012708801286248112
HSI,BB,BB 跌破下軌 (超賣),bullish,Hammer,77,0.33766233766233766,0.011627827870014365
HSI,BB,BB 跌破下軌 (超賣),bullish,無形態,374,0.3048128342245989,0.005697287845441147
HSI,EMA,EMA 空頭排列 (20<50<200),bearish,Bearish Harami,128,0.4140625,0.010269940641104133
HSI,EMA,EMA 空頭排列 (20<50<200),bearish,Evening Star,122,0.32786885245901637,-0.001997159467790437
HSI,EMA,EMA 空頭排列 (20<50<200),bearish,Shooting Star,147,0.32653061224489793,0.006579587917142616
HSI,EMA,EMA 空頭排列 (20<50<200),bearish,Resistance,92,0.31521739130434784,0.01994362629472808
HSI,EMA,EMA 死亡交叉 (20 下穿 50),bearish,無形態,92,0.30434782608695654,0.008243722681413183
HSI,EMA,EMA 死亡交叉 (20 下穿 50),bearish,Double Top,23,0.30434782608695654,-0.0018353806479564374
HSI,EMA,EMA 空頭排列 (20<50<200),bearish,Bearish Engulfing,141,0.2695035460992908,0.0007588379925536535
HSI,EMA,EMA 空頭排列 (20<50<200),bearish,無形態,1344,0.23660714285714285,
HSI,EMA,EMA 空頭排列 (20<50<200),bearish,Descending Triangle,21,0.19047619047619047,0.008497306776990692
HSI,EMA,EMA 空頭排列 (20<50<200),bearish,Double Top,242,0.19008264462809918,-0.017737429869961293
HSI,EMA,EMA 空頭排列 (20<50<200),bearish,Head & Shoulders,158,0.189873417721519,-0.012333853172233995
HSI,EMA,EMA 空頭排列 (20<50<200),bearish,Bear Flag,69,0.014492753623188406,-0.020848487140596908
HSI,EMA,EMA 空頭排列 (20<50<200),bearish,MA Bearish Alignment,33,0.0,-0.015833278246955074
HSI,EMA,EMA 黃金交叉 (20 上穿 50),bullish,Double Bottom,13,0.5384615384615384,0.017801620017817214
HSI,EMA,EMA 多頭排列 (20>50>200),bullish,Bullish Engulfing,191,0.39790575916230364,0.01309984078921498
HSI,EMA,EMA 多頭排列 (20>50>200),bullish,Double Bottom,1218,0.3866995073891626,0.016242954957744995
HSI,EMA,EMA 黃金交叉 (20 上穿 50),bullish,Inverse H&S,16,0.375,0.027650888416588033
HSI,EMA,EMA 多頭排列 (20>50>200),bullish,Morning Star,342,0.34502923976608185,0.012498877939465533
HSI,EMA,EMA 黃金交叉 (20 上穿 50),bullish,無形態,76,0.32894736842105265,0.005352025408753084
HSI,EMA,EMA 多頭排列 (20>50>200),bullish,Inverse H&S,1211,0.32535094962840627,0.00836038600906986
HSI,EMA,EMA 多頭排列 (20>50>200),bullish,Hammer,450,0.29333333333333333,-0.00267684818656131
HSI,EMA,EMA 多頭排列 (20>50>200),bullish,無形態,3859,0.24980564913189945,
HSI,EMA,EMA 多頭排列 (20>50>200),bullish,Bull Flag,21,0.23809523809523808,-0.006193255249591066
HSI,EMA,EMA 多頭排列 (20>50>200),bullish,Support,387,0.23255813953488372,-0.009003280172064056
HSI,EMA,EMA 多頭排列 (20>50>200),bullish,Bullish Harami,283,0.21554770318021202,-0.015898043643721965
HSI,EMA,EMA 多頭排列 (20>50>200),bullish,MA Bullish Alignment,33,0.21212121212121213,0.007741057509949037
HSI,KDJ,KDJ 超買區死叉,bearish,Bearish Harami,12,0.5,0.017326398236032898
HSI,KDJ,KDJ J 值極高 (>100),bearish,Bearish Harami,92,0.44565217391304346,0.015516335888010083
HSI,KDJ,KDJ 死叉,bearish,Shooting Star,284,0.4119718309859155,0.014743535141210937
HSI,KDJ,KDJ 死叉,bearish,Bearish Harami,96,0.40625,0.017588074040817702
HSI,KDJ,KDJ 超買區死叉,bearish,無形態,89,0.38202247191011235,0.01395975531482708
HSI,KDJ,KDJ 死叉,bearish,Evening Star,60,0.36666666666666664,0.005656182698559516
HSI,KDJ,KDJ 超買區死叉,bearish,Shooting Star,28,0.35714285714285715,0.030750073295664062
HSI,KDJ,KDJ 死叉,bearish,無形態,673,0.3164933135215453,0.010308428444168618
HSI,KDJ,KDJ J 值極高 (>100),bearish,Bearish Engulfing,97,0.27835051546391754,-0.0032875773218593893
HSI,KDJ,KDJ 死叉,bearish,Double Top,137,0.2773722627737226,-0.0010040073260666942
HSI,KDJ,KDJ J 值極高 (>100),bearish,無形態,745,0.26711409395973157,-0.001303727028328226
HSI,KDJ,KDJ 死叉,bearish,Bearish Engulfing,122,0.2459016393442623,0.003231513551766545
HSI,KDJ,KDJ 死叉,bearish,Head & Shoulders,136,0.2426470588235294,0.0011131459242891078
HSI,KDJ,KDJ J 值極高 (>100),bearish,Double Top,52,0.21153846153846154,-0.011073119128975562
HSI,KDJ,KDJ J 值極高 (>100),bearish,Shooting Star,111,0.2072072072072072,-0.011632575686292565
HSI,KDJ,KDJ J 值極高 (>100),bearish,Resistance,42,0.19047619047619047,-0.018183334966489495
HSI,KDJ,KDJ J 值極高 (>100),bearish,Evening Star,73,0.1095890410958904,-0.011969424784423411
HSI,KDJ,KDJ 死叉,bearish,Resistance,58,0.08620689655172414,-0.01775360781718557
HSI,KDJ,KDJ J 值極高 (>100),bearish,Head & Shoulders,47,0.0851063829787234,-0.02171305733559758
HSI,KDJ,KDJ J 值極低 (<0),bullish,Bullish Engulfing,51,0.6078431372549019,0.02515506255607889
HSI,KDJ,KDJ 超賣區金叉,bullish,Support,44,0.5681818181818182,0.01799545713201874
HSI,KDJ,KDJ J 值極低 (<0),bullish,Morning Star,121,0.5371900826446281,0.029293072285083797
HSI,KDJ,KDJ 超賣區金叉,bullish,Morning Star,23,0.4782608695652174,0.006628855951769729
HSI,KDJ,KDJ J 值極低 (<0),bullish,Support,255,0.4588235294117647,0.008274295477089164
HSI,KDJ,KDJ J 值極低 (<0),bullish,Hammer,91,0.4065934065934066,0.016105534114366462
HSI,KDJ,KDJ 金叉,bullish,Bullish Engulfing,70,0.4,0.01213179247673373
HSI,KDJ,KDJ 金叉,bullish,Double Bottom,215,0.3953488372093023,0.01173402370775976
HSI,KDJ,KDJ J 值極低 (<0),bullish,Double Bottom,1879,0.3932943054816392,0.013076890964843199
HSI,KDJ,KDJ 超賣區金叉,bullish,Double Bottom,205,0.3902439024390244,0.006435844358735636
HSI,KDJ,KDJ 金叉,bullish,Morning Star,75,0.38666666666666666,0.0027644544624689554
HSI,KDJ,KDJ J 值極低 (<0),bullish,Bullish Harami,183,0.34972677595628415,0.003338212749600882
HSI,KDJ,KDJ 金叉,bullish,Support,39,0.3333333333333333,0.002843705293626866
HSI,KDJ,KDJ 金叉,bullish,Bullish Harami,42,0.30952380952380953,-0.0036549895132398794
HSI,KDJ,KDJ 金叉,bullish,Inverse H&S,230,0.30869565217391304,0.0031371505998162045
HSI,KDJ,KDJ 金叉,bullish,Hammer,100,0.3,-0.0020765027758562747
HSI,KDJ,KDJ J 值極低 (<0),bullish,Inverse H&S,2036,0.293713163064833,0.006213006630046204
HSI,KDJ,KDJ 超賣區金叉,bullish,無形態,397,0.2795969773299748,0.0003157693851916649
HSI,KDJ,KDJ 超賣區金叉,bullish,Inverse H&S,248,0.2782258064516129,0.006798956210197938
HSI,KDJ,KDJ J 值極低 (<0),bullish,無形態,3430,0.27346938775510204,0.0002775462367033275
HSI,KDJ,KDJ 金叉,bullish,無形態,623,0.2664526484751204,
HSI,KDJ,KDJ 超賣區金叉,bullish,Bullish Harami,30,0.2,-0.013126705446610543
HSI,MACD,MACD 死叉 (多頭區),bearish,Bearish Harami,51,0.49019607843137253,0.027624702092704238
HSI,MACD,MACD 跌破 0 軸,bearish,Bearish Harami,26,0.46153846153846156,0.022449822640520256
HSI,MACD,MACD 死叉 (空頭區),bearish,Head & Shoulders,24,0.4583333333333333,0.011651750520561952
HSI,MACD,MACD 死叉 (多頭區),bearish,Bearish Engulfing,46,0.45652173913043476,0.017090948731263444
HSI,MACD,MACD 死叉 (多頭區),bearish,Shooting Star,114,0.4473684210526316,0.022726760714192464
HSI,MACD,MACD 死叉 (空頭區),bearish,Bearish Harami,16,0.4375,0.01061926387928943
HSI,MACD,MACD 死叉 (空頭區),bearish,無形態,166,0.4036144578313253,0.016505202347248626
HSI,MACD,MACD 死叉 (多頭區),bearish,Evening Star,21,0.38095238095238093,0.010876742298052296
HSI,MACD,MACD 死叉 (多頭區),bearish,Double Top,47,0.3617021276595745,-0.000751272828564717
HSI,MACD,MACD 跌破 0 軸,bearish,無形態,330,0.3484848484848485,0.006759989788519574
HSI,MACD,MACD 死叉 (多頭區),bearish,無形態,430,0.34186046511627904,0.012623516347312066
HSI,MACD,MACD 死叉 (多頭區),bearish,Head & Shoulders,70,0.3,0.008548239707992672
HSI,MACD,MACD 跌破 0 軸,bearish,Double Top,26,0.23076923076923078,-0.010321578317812607
HSI,MACD,MACD 死叉 (空頭區),bearish,Shooting Star,22,0.22727272727272727,-0.0029168108367518615
HSI,MACD,MACD 跌破 0 軸,bearish,Head & Shoulders,42,0.21428571428571427,-0.011088203884722545
HSI,MACD,MACD 死叉 (多頭區),bearish,Resistance,35,0.17142857142857143,-0.014780849396101034
HSI,MACD,MACD 死叉 (空頭區),bearish,Double Top,23,0.08695652173913043,-0.010359254575151015
HSI,MACD,MACD 金叉 (空頭區),bullish,Support,13,0.6153846153846154,0.018837887115846698
HSI,MACD,MACD 金叉 (空頭區),bullish,Double Bottom,68,0.45588235294117646,0.0184380935549714
HSI,MACD,MACD 金叉 (多頭區),bullish,Double Bottom,97,0.44329896907216493,0.014335536839282195
HSI,MACD,MACD 金叉 (多頭區),bullish,Morning Star,13,0.38461538461538464,-0.010617743834301602
HSI,MACD,MACD 突破 0 軸,bullish,Double Bottom,67,0.373134328358209,0.007495334484156932
HSI,MACD,MACD 金叉 (多頭區),bullish,無形態,271,0.36162361623616235,0.0065381849683084055
HSI,MACD,MACD 金叉 (空頭區),bullish,Inverse H&S,119,0.35294117647058826,0.007389050299230927
HSI,MACD,MACD 突破 0 軸,bullish,Inverse H&S,77,0.33766233766233766,0.010205430574726152
HSI,MACD,MACD 金叉 (空頭區),bullish,Bullish Harami,13,0.3076923076923077,-0.017960699369126212
HSI,MACD,MACD 金叉 (空頭區),bullish,無形態,284,0.30633802816901406,0.008194531709572843
HSI,MACD,MACD 金叉 (空頭區),bullish,Hammer,23,0.30434782608695654,0.005448537252403188
HSI,MACD,MACD 金叉 (多頭區),bullish,Inverse H&S,108,0.26851851851851855,0.0012162945388982578
HSI,MACD,MACD 突破 0 軸,bullish,無形態,264,0.26136363636363635,0.0050144808123728
HSI,MACD,MACD 金叉 (多頭區),bullish,Support,21,0.23809523809523808,-0.025490167342980798
HSI,MACD,MACD 金叉 (空頭區),bullish,Morning Star,30,0.23333333333333334,-0.008044493395357961
HSI,MACD,MACD 金叉 (多頭區),bullish,Bullish Engulfing,13,0.23076923076923078,-0.016978824231308167
HSI,MACD,MACD 突破 0 軸,bullish,Morning Star,16,0.1875,-0.002251470186381513
HSI,MACD,MACD 金叉 (多頭區),bullish,Hammer,14,0.14285714285714285,0.0011133826310169253
HSI,RSI,RSI 超買區域 (70),bearish,Bearish Harami,47,0.40425531914893614,0.02033510832699956
HSI,RSI,RSI 超買區域 (70),bearish,Shooting Star,140,0.34285714285714286,0.0031623767728765264
HSI,RSI,RSI 超買區域 (70),bearish,無形態,290,0.30344827586206896,0.007650013882173708
HSI,RSI,RSI 超買區域 (70),bearish,Bearish Engulfing,53,0.2830188679245283,-0.012783438572767373
HSI,RSI,RSI 超買區域 (70),bearish,Double Top,17,0.23529411764705882,-0.007101420329703486
HSI,RSI,RSI 超買區域 (70),bearish,Evening Star,17,0.17647058823529413,-0.012983083717239134
HSI,RSI,RSI 超買區域 (70),bearish,Head & Shoulders,24,0.16666666666666666,0.0005977857546072876
HSI,RSI,RSI 超買區域 (70),bearish,Resistance,41,0.14634146341463414,-0.036225880906747165
HSI,RSI,RSI 超賣區域 (30),bullish,Support,33,0.7575757575757576,0.06404293776744216
HSI,RSI,RSI 超賣區域 (30),bullish,Morning Star,14,0.6428571428571429,0.029021018053661148
HSI,RSI,RSI 超賣區域 (30),bullish,Double Bottom,33,0.48484848484848486,0.02358905084892674
HSI,RSI,RSI 超賣區域 (30),bullish,Inverse H&S,46,0.43478260869565216,0.01957162837332919
HSI,RSI,RSI 超賣區域 (30),bullish,無形態,92,0.3695652173913043,0.008579873499593252
HSI,RSI,RSI 超賣區域 (30),bullish,Hammer,12,0.3333333333333333,0.010304330095043604
HSI,RSI,RSI 超賣區域 (30),bullish,Bullish Harami,15,0.26666666666666666,-0.014235624322014261
S&P 500,BB,BB 突破上軌 (超買),bearish,Bear Flag,17,0.7058823529411765,0.021955333605065682
S&P 500,BB,BB 突破上軌 (超買),bearish,無形態,2459,0.4261895079300529,0.014405731257777459
S&P 500,BB,BB 突破上軌 (超買),bearish,Bearish Harami,834,0.3333333333333333,0.005769208788847939
S&P 500,BB,BB 突破上軌 (超買),bearish,Shooting Star,3704,0.31101511879049676,0.003578970470346164
S&P 500,BB,BB 突破上軌 (超買),bearish,Bearish Engulfing,1372,0.27040816326530615,0.00031640665007111085
S&P 500,BB,BB 突破上軌 (超買),bearish,Evening Star,540,0.25,-0.005237968576555232
S&P 500,BB,BB 突破上軌 (超買),bearish,Double Top,574,0.15505226480836237,-0.005922518197704749
S&P 500,BB,BB 突破上軌 (超買),bearish,Head & Shoulders,791,0.13653603034134007,-0.01672986324871783
S&P 500,BB,BB 突破上軌 (超買),bearish,Resistance,311,0.1157556270096463,-0.02895211210515789
S&P 500,BB,BB 跌破下軌 (超賣),bullish,Support,774,0.6847545219638242,0.04394222634768275
S&P 500,BB,BB 跌破下軌 (超賣),bullish,Bullish Engulfing,596,0.4899328859060403,0.015397001919401021
S&P 500,BB,BB 跌破下軌 (超賣),bullish,Morning Star,453,0.4878587196467991,0.018939739413608558
S&P 500,BB,BB 跌破下軌 (超賣),bullish,Inverse H&S,1228,0.4543973941368078,0.01644439688752652
S&P 500,BB,BB 跌破下軌 (超賣),bullish,Double Bottom,1176,0.3630952380952381,0.009929495979991388
S&P 500,BB,BB 跌破下軌 (超賣),bullish,Hammer,290,0.32068965517241377,0.0005081642222893102
S&P 500,BB,BB 跌破下軌 (超賣),bullish,Bullish Harami,951,0.29547844374342797,-0.002446919006484346
S&P 500,BB,BB 跌破下軌 (超賣),bullish,無形態,3009,0.260551678298438,-0.006465236658459795
S&P 500,EMA,EMA 死亡交叉 (20 下穿 50),bearish,Shooting Star,40,0.45,0.013168243181420871
S&P 500,EMA,EMA 空頭排列 (20<50<200),bearish,無形態,7728,0.36801242236024845,0.007101956909690164
S&P 500,EMA,EMA 死亡交叉 (20 下穿 50),bearish,Evening Star,25,0.36,0.011064879860431334
S&P 500,EMA,EMA 空頭排列 (20<50<200),bearish,Bearish Harami,1763,0.3533749290981282,0.008417373512928324
S&P 500,EMA,EMA 空頭排列 (20<50<200),bearish,Resistance,1094,0.3473491773308958,0.009742041868569628
S&P 500,EMA,EMA 死亡交叉 (20 下穿 50),bearish,Bearish Harami,63,0.3333333333333333,0.01580154412325801
S&P 500,EMA,EMA 死亡交叉 (20 下穿 50),bearish,無形態,430,0.3209302325581395,0.00032042657383359437
S&P 500,EMA,EMA 空頭排列 (20<50<200),bearish,Shooting Star,3542,0.2981366459627329,0.0023602000226779643
S&P 500,EMA,EMA 死亡交叉 (20 下穿 50),bearish,Bearish Engulfing,51,0.29411764705882354,0.006715855537228979
S&P 500,EMA,EMA 空頭排列 (20<50<200),bearish,Bearish Engulfing,2460,0.29227642276422766,0.0008529743234890467
S&P 500,EMA,EMA 死亡交叉 (20 下穿 50),bearish,Head & Shoulders,99,0.2727272727272727,-0.0030906064618880344
S&P 500,EMA,EMA 空頭排列 (20<50<200),bearish,Evening Star,1117,0.26499552372426144,-0.003200243410175844
S&P 500,EMA,EMA 空頭排列 (20<50<200),bearish,Bear Flag,118,0.2627118644067797,-0.00991892045203881
S&P 500,EMA,EMA 空頭排列 (20<50<200),bearish,Descending Triangle,36,0.2222222222222222,-0.011601499955873791
S&P 500,EMA,EMA 空頭排列 (20<50<200),bearish,Head & Shoulders,3155,0.20158478605388272,-0.0076278069195397724
S&P 500,EMA,EMA 空頭排列 (20<50<200),bearish,Double Top,3343,0.18665868979958122,-0.015502482402599441
S&P 500,EMA,EMA 死亡交叉 (20 下穿 50),bearish,Double Top,113,0.168141592920354,-0.013355063262661702
S&P 500,EMA,EMA 空頭排列 (20<50<200),bearish,MA Bearish Alignment,154,0.012987012987012988,-0.014968654946161524
S&P 500,EMA,EMA 多頭排列 (20>50>200),bullish,Bull Flag,240,0.6833333333333333,0.05169888825555683
S&P 500,EMA,EMA 多頭排列 (20>50>200),bullish,Double Bottom,6456,0.4354089219330855,0.019774016398975663
S&P 500,EMA,EMA 黃金交叉 (20 上穿 50),bullish,Double Bottom,121,0.39669421487603307,0.01565177184963377
S&P 500,EMA,EMA 多頭排列 (20>50>200),bullish,Morning Star,2430,0.38641975308641974,0.013941007701223076
S&P 500,EMA,EMA 黃金交叉 (20 上穿 50),bullish,Bull Flag,19,0.3684210526315789,0.04700229873068409
S&P 500,EMA,EMA 黃金交叉 (20 上穿 50),bullish,Morning Star,33,0.3333333333333333,0.008342974782443424
S&P 500,EMA,EMA 多頭排列 (20>50>200),bullish,Inverse H&S,6637,0.33057104113304203,0.008709300192405097
S&P 500,EMA,EMA 黃金交叉 (20 上穿 50),bullish,Inverse H&S,80,0.325,0.005922488284861085
S&P 500,EMA,EMA 多頭排列 (20>50>200),bullish,Bullish Engulfing,1997,0.3129694541812719,0.005869609601894904
S&P 500,EMA,EMA 多頭排列 (20>50>200),bullish,Hammer,993,0.28600201409869086,-1.9556374653723976e-05
S&P 500,EMA,EMA 多頭排列 (20>50>200),bullish,無形態,15760,0.26611675126903556,-0.0024889969686727803
S&P 500,EMA,EMA 黃金交叉 (20 上穿 50),bullish,無形態,429,0.24708624708624707,-0.0005270566839300569
S&P 500,EMA,EMA 多頭排列 (20>50>200),bullish,MA Bullish Alignment,163,0.24539877300613497,0.012263598633403792
S&P 500,EMA,EMA 黃金交叉 (20 上穿 50),bullish,Bullish Harami,29,0.2413793103448276,-0.008844334174529888
S&P 500,EMA,EMA 黃金交叉 (20 上穿 50),bullish,Bullish Engulfing,28,0.21428571428571427,-0.005493828138820224
S&P 500,EMA,EMA 多頭排列 (20>50>200),bullish,Bullish Harami,2478,0.20258272800645682,-0.00924921542790381
S&P 500,EMA,EMA 多頭排列 (20>50>200),bullish,Support,1830,0.1989071038251366,-0.006490934645909784
S&P 500,EMA,EMA 多頭排列 (20>50>200),bullish,Ascending Triangle,42,0.16666666666666666,0.0007931187121338757
S&P 500,KDJ,KDJ J 值極高 (>100),bearish,Bear Flag,17,0.5882352941176471,0.006862769079858421
S&P 500,KDJ,KDJ J 值極高 (>100),bearish,無形態,2106,0.5028490028490028,0.02358731296284792
S&P 500,KDJ,KDJ 超買區死叉,bearish,無形態,222,0.43243243243243246,0.018703441410807955
S&P 500,KDJ,KDJ 超買區死叉,bearish,Bearish Harami,54,0.3888888888888889,0.020716491965114495
S&P 500,KDJ,KDJ 超買區死叉,bearish,Evening Star,88,0.38636363636363635,0.017905793567330842
S&P 500,KDJ,KDJ 死叉,bearish,Bearish Engulfing,1231,0.3850528025995126,0.010815354316062125
S&P 500,KDJ,KDJ 超買區死叉,bearish,Shooting Star,216,0.38425925925925924,0.01507204627371299
S&P 500,KDJ,KDJ 死叉,bearish,Bearish Harami,752,0.3670212765957447,0.010967136619805693
S&P 500,KDJ,KDJ J 值極高 (>100),bearish,Bearish Harami,626,0.365814696485623,0.008107086188350477
S&P 500,KDJ,KDJ 死叉,bearish,無形態,2405,0.3567567567567568,0.00671591614128554
S&P 500,KDJ,KDJ 死叉,bearish,Shooting Star,2729,0.3565408574569439,0.008800839785515253
S&P 500,KDJ,KDJ 超買區死叉,bearish,Bearish Engulfing,136,0.34558823529411764,0.013615263585487229
S&P 500,KDJ,KDJ 死叉,bearish,Evening Star,562,0.34519572953736655,0.004572196810693687
S&P 500,KDJ,KDJ J 值極高 (>100),bearish,Shooting Star,1341,0.3243847874720358,0.002810421263726616
S&P 500,KDJ,KDJ 死叉,bearish,Double Top,881,0.2758229284903519,-0.009804208484794423
S&P 500,KDJ,KDJ J 值極高 (>100),bearish,Bearish Engulfing,988,0.2732793522267207,-0.0035692819674309614
S&P 500,KDJ,KDJ 死叉,bearish,Resistance,303,0.26732673267326734,-0.0038317577045282308
S&P 500,KDJ,KDJ 超買區死叉,bearish,Double Top,50,0.26,-0.009486406920612705
S&P 500,KDJ,KDJ 超買區死叉,bearish,Resistance,82,0.23170731707317074,-0.005018686786521575
S&P 500,KDJ,KDJ 死叉,bearish,Head & Shoulders,1342,0.21087928464977646,-0.005516640875364572
S&P 500,KDJ,KDJ J 值極高 (>100),bearish,Resistance,197,0.20304568527918782,-0.014836239830360044
S&P 500,KDJ,KDJ J 值極高 (>100),bearish,Double Top,524,0.1965648854961832,-0.010765340240535201
S&P 500,KDJ,KDJ 超買區死叉,bearish,Head & Shoulders,72,0.19444444444444445,-0.0019735185919684973
S&P 500,KDJ,KDJ J 值極高 (>100),bearish,Evening Star,657,0.1643835616438356,-0.01584128170457028
S&P 500,KDJ,KDJ J 值極高 (>100),bearish,Head & Shoulders,634,0.15615141955835962,-0.01520420666520215
S&P 500,KDJ,KDJ 死叉,bearish,MA Bearish Alignment,21,0.047619047619047616,-0.010999514879183972
S&P 500,KDJ,KDJ J 值極低 (<0),bullish,Morning Star,1079,0.5041705282669138,0.020994212118403972
S&P 500,KDJ,KDJ 超賣區金叉,bullish,Support,224,0.4955357142857143,0.015249986902653587
S&P 500,KDJ,KDJ J 值極低 (<0),bullish,Support,1117,0.495076096687556,0.020379583647881064
S&P 500,KDJ,KDJ 金叉,bullish,Double Bottom,1681,0.45865556216537773,0.01939499110383413
S&P 500,KDJ,KDJ J 值極低 (<0),bullish,Bullish Engulfing,778,0.42287917737789205,0.00949787899543899
S&P 500,KDJ,KDJ 超賣區金叉,bullish,Morning Star,189,0.4074074074074074,0.010662156049885307
S&P 500,KDJ,KDJ J 值極低 (<0),bullish,Double Bottom,6646,0.3514896178152272,0.007787984018605478
S&P 500,KDJ,KDJ J 值極低 (<0),bullish,Inverse H&S,9133,0.34545056388919304,0.010212001429690847
S&P 500,KDJ,KDJ 金叉,bullish,Morning Star,676,0.33875739644970415,0.0052726512650272065
S&P 500,KDJ,KDJ 金叉,bullish,Inverse H&S,1583,0.32090966519267217,0.0068718675000737734
S&P 500,KDJ,KDJ 超賣區金叉,bullish,Double Bottom,952,0.3014705882352941,0.002397804036939383
S&P 500,KDJ,KDJ 金叉,bullish,Bullish Engulfing,593,0.29679595278246207,-0.0029796561472003047
S&P 500,KDJ,KDJ 金叉,bullish,Hammer,339,0.2949852507374631,0.0008246260226631129
S&P 500,KDJ,KDJ 超賣區金叉,bullish,Bullish Engulfing,80,0.2875,0.005121657361289047
S&P 500,KDJ,KDJ 超賣區金叉,bullish,Inverse H&S,1434,0.2859135285913529,0.005723738861230456
S&P 500,KDJ,KDJ J 值極低 (<0),bullish,Hammer,381,0.2782152230971129,-0.004192231347305296
S&P 500,KDJ,KDJ 金叉,bullish,無形態,3137,0.2763787057698438,-0.0030551663326927577
S&P 500,KDJ,KDJ 超賣區金叉,bullish,Hammer,66,0.2727272727272727,-0.0018415430291763206
S&P 500,KDJ,KDJ 超賣區金叉,bullish,Bullish Harami,348,0.27011494252873564,-0.004988312780412628
S&P 500,KDJ,KDJ 金叉,bullish,Bullish Harami,501,0.2634730538922156,-0.0077084015354458866
S&P 500,KDJ,KDJ J 值極低 (<0),bullish,Bullish Harami,2472,0.25161812297734626,-0.006922112773172304
S&P 500,KDJ,KDJ 超賣區金叉,bullish,無形態,2073,0.23540762180414856,-0.0049200877448447415
S&P 500,KDJ,KDJ 金叉,bullish,MA Bullish Alignment,13,0.23076923076923078,0.009528725147151597
S&P 500,KDJ,KDJ J 值極低 (<0),bullish,無形態,16150,0.2240247678018576,-0.005760407814983545
S&P 500,KDJ,KDJ 金叉,bullish,Support,358,0.21787709497206703,-0.012504155081290491
S&P 500,MACD,MACD 死叉 (空頭區),bearish,Resistance,65,0.5538461538461539,0.044813107692883616
S&P 500,MACD,MACD 死叉 (空頭區),bearish,Shooting Star,207,0.4492753623188406,0.011666844964108873
S&P 500,MACD,MACD 跌破 0 軸,bearish,Bearish Harami,215,0.4,0.010517657973867904
S&P 500,MACD,MACD 死叉 (多頭區),bearish,Bearish Engulfing,403,0.39950372208436724,0.013652073256504492
S&P 500,MACD,MACD 死叉 (空頭區),bearish,Bearish Harami,166,0.39759036144578314,0.011620107485428605
S&P 500,MACD,MACD 死叉 (多頭區),bearish,Shooting Star,942,0.39384288747346075,0.008609494934723719
S&P 500,MACD,MACD 死叉 (多頭區),bearish,Evening Star,189,0.37566137566137564,0.008504376006151863
S&P 500,MACD,MACD 跌破 0 軸,bearish,Evening Star,75,0.37333333333333335,0.004739303109138245
S&P 500,MACD,MACD 跌破 0 軸,bearish,Shooting Star,211,0.36492890995260663,0.008063946347597934
S&P 500,MACD,MACD 死叉 (多頭區),bearish,Bearish Harami,390,0.3641025641025641,0.009499827067915537
S&P 500,MACD,MACD 跌破 0 軸,bearish,Bearish Engulfing,158,0.34810126582278483,0.009311598531524861
S&P 500,MACD,MACD 死叉 (多頭區),bearish,無形態,1545,0.34433656957928804,0.007419134744394353
S&P 500,MACD,MACD 死叉 (空頭區),bearish,Bearish Engulfing,147,0.3401360544217687,0.004836319747291126
S&P 500,MACD,MACD 死叉 (空頭區),bearish,無形態,873,0.32989690721649484,0.003111489992238077
S&P 500,MACD,MACD 跌破 0 軸,bearish,無形態,1383,0.3297180043383948,0.002020710624519121
S&P 500,MACD,MACD 死叉 (空頭區),bearish,Evening Star,74,0.2702702702702703,-0.005509265818560487
S&P 500,MACD,MACD 死叉 (空頭區),bearish,Head & Shoulders,344,0.25872093023255816,0.0015190910209250648
S&P 500,MACD,MACD 死叉 (空頭區),bearish,Double Top,265,0.25660377358490566,-0.0058357842752699415
S&P 500,MACD,MACD 死叉 (多頭區),bearish,Double Top,307,0.250814332247557,-0.007981541562006745
S&P 500,MACD,MACD 死叉 (多頭區),bearish,Head & Shoulders,672,0.23809523809523808,-0.0019807888654415212
S&P 500,MACD,MACD 跌破 0 軸,bearish,Head & Shoulders,469,0.2260127931769723,-0.0017122955663461032
S&P 500,MACD,MACD 跌破 0 軸,bearish,Resistance,25,0.2,-0.002994142993610778
S&P 500,MACD,MACD 死叉 (多頭區),bearish,Resistance,150,0.2,-0.011153279294778112
S&P 500,MACD,MACD 跌破 0 軸,bearish,Double Top,283,0.19434628975265017,-0.012106924228815543
S&P 500,MACD,MACD 死叉 (空頭區),bearish,Bear Flag,19,0.15789473684210525,-0.02617364660890403
S&P 500,MACD,MACD 死叉 (空頭區),bearish,MA Bearish Alignment,12,0.08333333333333333,-0.004883604701845475
S&P 500,MACD,MACD 突破 0 軸,bullish,Bull Flag,15,0.8,0.04795512832527075
S&P 500,MACD,MACD 金叉 (空頭區),bullish,Double Bottom,549,0.46994535519125685,0.018005305453664706
S&P 500,MACD,MACD 突破 0 軸,bullish,Double Bottom,466,0.43991416309012876,0.018685102823267772
S&P 500,MACD,MACD 金叉 (多頭區),bullish,MA Bullish Alignment,12,0.4166666666666667,0.018261939306430625
S&P 500,MACD,MACD 金叉 (多頭區),bullish,Double Bottom,479,0.4154488517745303,0.01815828054902258
S&P 500,MACD,MACD 金叉 (空頭區),bullish,Support,94,0.4148936170212766,0.011802914773507006
S&P 500,MACD,MACD 金叉 (空頭區),bullish,Hammer,125,0.376,0.013880405344031909
S&P 500,MACD,MACD 金叉 (空頭區),bullish,Bullish Harami,187,0.37433155080213903,0.006699877907006276
S&P 500,MACD,MACD 突破 0 軸,bullish,Hammer,27,0.37037037037037035,0.0039191991370899106
S&P 500,MACD,MACD 金叉 (多頭區),bullish,Morning Star,171,0.3684210526315789,0.004205354443859984
S&P 500,MACD,MACD 金叉 (多頭區),bullish,Hammer,41,0.36585365853658536,0.004705125511151832
S&P 500,MACD,MACD 突破 0 軸,bullish,Support,13,0.3076923076923077,-0.011486485195081527
S&P 500,MACD,MACD 突破 0 軸,bullish,Inverse H&S,515,0.29514563106796116,0.005950588254908989
S&P 500,MACD,MACD 金叉 (空頭區),bullish,Inverse H&S,789,0.29404309252217997,0.005138683514171678
S&P 500,MACD,MACD 金叉 (多頭區),bullish,無形態,1334,0.2848575712143928,-0.002810249018900113
S&P 500,MACD,MACD 突破 0 軸,bullish,無形態,1688,0.2837677725118483,-0.0009245297921036867
S&P 500,MACD,MACD 金叉 (空頭區),bullish,無形態,1673,0.2803347280334728,0.000523907105229504
S&P 500,MACD,MACD 金叉 (多頭區),bullish,Inverse H&S,590,0.2677966101694915,0.002147790654323866
S&P 500,MACD,MACD 金叉 (空頭區),bullish,Morning Star,195,0.26153846153846155,0.004551727226053184
S&P 500,MACD,MACD 金叉 (多頭區),bullish,Bullish Engulfing,94,0.2553191489361702,-0.0033037729333744255
S&P 500,MACD,MACD 突破 0 軸,bullish,Morning Star,95,0.22105263157894736,0.002728746234836971
S&P 500,MACD,MACD 突破 0 軸,bullish,Bullish Engulfing,69,0.21739130434782608,-0.01109062656093278
S&P 500,MACD,MACD 金叉 (空頭區),bullish,Bullish Engulfing,162,0.21604938271604937,-0.006528354468547115
S&P 500,MACD,MACD 金叉 (多頭區),bullish,Bullish Harami,90,0.2111111111111111,-0.0052965660593817885
S&P 500,MACD,MACD 突破 0 軸,bullish,Bullish Harami,117,0.18803418803418803,-0.018381685000359072
S&P 500,MACD,MACD 金叉 (多頭區),bullish,Support,87,0.09195402298850575,-0.018441485907132158
S&P 500,RSI,RSI 超買區域 (70),bearish,無形態,699,0.4291845493562232,0.015528516186266375
S&P 500,RSI,RSI 超買區域 (70),bearish,Bearish Harami,268,0.30597014925373134,0.0048932663480664345
S&P 500,RSI,RSI 超買區域 (70),bearish,Shooting Star,1129,0.30115146147032773,0.003095258048204388
S&P 500,RSI,RSI 超買區域 (70),bearish,Bearish Engulfing,445,0.28314606741573034,0.0019132088649503982
S&P 500,RSI,RSI 超買區域 (70),bearish,Evening Star,156,0.2564102564102564,-0.0027882073428883844
S&P 500,RSI,RSI 超買區域 (70),bearish,Double Top,146,0.1780821917808219,-0.008097346904781512
S&P 500,RSI,RSI 超買區域 (70),bearish,Head & Shoulders,187,0.1497326203208556,-0.015232220721581981
S&P 500,RSI,RSI 超買區域 (70),bearish,Resistance,152,0.09868421052631579,-0.03038113377372894
S&P 500,RSI,RSI 超賣區域 (30),bullish,Support,266,0.6203007518796992,0.03466023276029123
S&P 500,RSI,RSI 超賣區域 (30),bullish,Morning Star,137,0.5182481751824818,0.019194077952027072
S&P 500,RSI,RSI 超賣區域 (30),bullish,Inverse H&S,290,0.4724137931034483,0.017402886065090974
S&P 500,RSI,RSI 超賣區域 (30),bullish,Bullish Engulfing,142,0.4084507042253521,0.001418728992657782
S&P 500,RSI,RSI 超賣區域 (30),bullish,Double Bottom,311,0.40836012861736337,0.0140515463851988
S&P 500,RSI,RSI 超賣區域 (30),bullish,Hammer,91,0.4065934065934066,0.01682513193812692
S&P 500,RSI,RSI 超賣區域 (30),bullish,Bullish Harami,273,0.304029304029304,-0.009492865690071992
S&P 500,RSI,RSI 超賣區域 (30),bullish,無形態,769,0.2925877763328999,-0.0052784822556173555
